donor_id,name,email,location,gender,is_recurring
U0001,Oscar Ward,gabriellesherman@hotmail.com,Perth,Female,True
U0002,James Bradley,graceschneider@sherman.com,Sydney,Male,False
U0003,Rachel Garza,bestjustin@orr-burnett.com,Sydney,Female,False
U0004,Kathleen Morris,duranmariah@hotmail.com,Brisbane,Non-binary,True
U0005,Anthony Daugherty,sawyeraimee@boone-zamora.com,Melbourne,Non-binary,True
U0006,Brandy Alvarez,gonzalezdonald@yahoo.com,Brisbane,Male,False
U0007,Jennifer Diaz,dlopez@jones-huff.biz,Adelaide,Female,False
U0008,Susan Schneider,stephaniestevens@rios.biz,Brisbane,Non-binary,False
U0009,Stacey Bell,kmorgan@yahoo.com,Sydney,Non-binary,False
U0010,Brandon Wilson,zavalamichael@harris-castro.com,Melbourne,Female,False
U0011,Richard Mathews,erikbrewer@hendricks.com,Brisbane,Male,True
U0012,Jennifer Mitchell,stewartscott@yahoo.com,Brisbane,Non-binary,True
U0013,Tiffany Rubio,ilucero@stafford.biz,Melbourne,Non-binary,False
U0014,Cassidy Knight,deborah89@reed.com,Melbourne,Male,True
U0015,Rebecca Erickson,klewis@peterson.com,Adelaide,Non-binary,False
U0016,Shawn Russell,pattonkendra@baker.org,Sydney,Non-binary,False
U0017,Adam Gibbs,tinaclark@kent.net,Perth,Male,False
U0018,William Perry,robin56@coleman.com,Perth,Non-binary,True
U0019,Melissa Payne,georgeolsen@yahoo.com,Brisbane,Non-binary,True
U0020,Jennifer Morrow,shanethomas@travis.com,Brisbane,Male,False
U0021,Jennifer Moon,adrianmccarty@copeland.biz,Sydney,Male,True
U0022,Tina Chase,slawrence@gmail.com,Adelaide,Male,True
U0023,Henry Edwards,elizabeth56@jimenez-monroe.net,Adelaide,Male,True
U0024,Jennifer Stephens,tchen@hotmail.com,Adelaide,Non-binary,False
U0025,Phillip Baker,crystal55@kennedy.com,Melbourne,Male,True
U0026,Laurie Jimenez,nancy09@yahoo.com,Perth,Non-binary,True
U0027,Jessica Jackson,donna74@gmail.com,Adelaide,Male,False
U0028,Katie Johnson,stephanieshort@perez.net,Melbourne,Male,False
U0029,Brian Garcia,dianemueller@pitts.biz,Melbourne,Male,False
U0030,David Donaldson DDS,emartinez@brock.com,Brisbane,Female,True
U0031,Eric Hill,wilsonsarah@gonzalez.com,Sydney,Non-binary,True
U0032,Tina Rodriguez,madams@yahoo.com,Perth,Male,True
U0033,Chad Dickson,josephli@yahoo.com,Brisbane,Non-binary,False
U0034,Laura Woods,chadmccoy@gmail.com,Melbourne,Non-binary,False
U0035,Joseph Chandler,rogerharris@gmail.com,Brisbane,Male,True
U0036,Teresa Hopkins,sherylgarza@munoz.com,Perth,Non-binary,True
U0037,Shannon Welch,lisa03@wright.com,Sydney,Non-binary,True
U0038,Bailey Schwartz,davidtaylor@armstrong.com,Melbourne,Non-binary,True
U0039,Kathy Rodriguez,stephanie42@arnold-chan.com,Sydney,Non-binary,True
U0040,Sharon Hernandez,crawfordpaul@yahoo.com,Perth,Male,False
U0041,Melissa Martinez,michelle44@gmail.com,Perth,Non-binary,True
U0042,Michael Lucero,brianmiller@gmail.com,Perth,Female,False
U0043,Joshua Brandt,ijohnson@hotmail.com,Brisbane,Male,True
U0044,Bethany Becker,hwalton@hotmail.com,Brisbane,Female,False
U0045,James Duran,millertony@padilla-ross.com,Brisbane,Female,True
U0046,Alfred Sanchez,richard55@shah-lopez.com,Melbourne,Non-binary,True
U0047,Erin Olson,psanchez@glenn.biz,Brisbane,Non-binary,False
U0048,Sarah Smith,angela59@hotmail.com,Perth,Female,False
U0049,Lauren Donaldson,ramirezkatelyn@gmail.com,Melbourne,Non-binary,False
U0050,Bradley Scott,terrythompson@gmail.com,Sydney,Female,True
